open,high,low,close,open_time,close_time,volume
0.00203380,0.00203390,0.00203100,0.00203220,1531160220000,1531160279999,109.01000000
0.00203220,0.00203220,0.00202980,0.00202990,1531160280000,1531160339999,1033.99000000
0.00202990,0.00202990,0.00202800,0.00202800,1531160340000,1531160399999,447.25000000
0.00202800,0.00202900,0.00202710,0.00202830,1531160400000,1531160459999,665.22000000
0.00202800,0.00203220,0.00202760,0.00203220,1531160460000,1531160519999,1052.25000000
0.00203220,0.00203220,0.00202860,0.00203050,1531160520000,1531160579999,118.91000000
0.00203170,0.00203210,0.00203040,0.00203170,1531160580000,1531160639999,76.43000000
0.00203160,0.00203160,0.00202870,0.00203140,1531160640000,1531160699999,82.75000000
0.00203140,0.00203550,0.00203140,0.00203550,1531160700000,1531160759999,1741.99000000
0.00203550,0.00203570,0.00203290,0.00203320,1531160760000,1531160819999,205.20000000
0.00203320,0.00203570,0.00203320,0.00203450,1531160820000,1531160879999,93.50000000
0.00203450,0.00203570,0.00203330,0.00203570,1531160880000,1531160939999,51.88000000
0.00203560,0.00203620,0.00203320,0.00203560,1531160940000,1531160999999,405.64000000
0.00203560,0.00203600,0.00203220,0.00203530,1531161000000,1531161059999,163.06000000
0.00203530,0.00203670,0.00203350,0.00203350,1531161060000,1531161119999,152.47000000
0.00203480,0.00203540,0.00203280,0.00203280,1531161120000,1531161179999,77.27000000
0.00203280,0.00203440,0.00203280,0.00203400,1531161180000,1531161239999,25.80000000
0.00203430,0.00203430,0.00203050,0.00203430,1531161240000,1531161299999,594.56000000
0.00203370,0.00203380,0.00203070,0.00203350,1531161300000,1531161359999,125.93000000
0.00203350,0.00203360,0.00203070,0.00203210,1531161360000,1531161419999,67.55000000
0.00203330,0.00203330,0.00203210,0.00203280,1531161420000,1531161479999,52.80000000
0.00203330,0.00203590,0.00203220,0.00203590,1531161480000,1531161539999,218.34000000
0.00203580,0.00203600,0.00203330,0.00203330,1531161540000,1531161599999,201.75000000
0.00203320,0.00203320,0.00203150,0.00203160,1531161600000,1531161659999,276.73000000
0.00203230,0.00203230,0.00203050,0.00203160,1531161660000,1531161719999,443.75000000
0.00203160,0.00203230,0.00203130,0.00203230,1531161720000,1531161779999,210.61000000
0.00203120,0.00203130,0.00203050,0.00203090,1531161780000,1531161839999,105.63000000
0.00203090,0.00203090,0.00203050,0.00203090,1531161840000,1531161899999,145.94000000
0.00203090,0.00203230,0.00203070,0.00203220,1531161900000,1531161959999,286.29000000
0.00203140,0.00203760,0.00203130,0.00203620,1531161960000,1531162019999,1469.34000000
0.00203620,0.00203850,0.00203500,0.00203780,1531162020000,1531162079999,206.46000000
0.00203780,0.00203780,0.00203490,0.00203660,1531162080000,1531162139999,164.77000000
0.00203660,0.00203760,0.00203510,0.00203660,1531162140000,1531162199999,129.59000000
0.00203560,0.00203760,0.00203490,0.00203710,1531162200000,1531162259999,350.28000000
0.00203520,0.00203890,0.00203360,0.00203890,1531162260000,1531162319999,910.96000000
0.00203890,0.00203890,0.00203520,0.00203760,1531162320000,1531162379999,186.33000000
0.00203760,0.00203920,0.00203410,0.00203920,1531162380000,1531162439999,469.28000000
0.00203920,0.00204400,0.00203890,0.00204400,1531162440000,1531162499999,545.84000000
0.00204400,0.00204400,0.00204130,0.00204150,1531162500000,1531162559999,32.52000000
0.00204160,0.00204160,0.00203900,0.00204150,1531162560000,1531162619999,48.57000000
0.00204150,0.00204350,0.00204090,0.00204180,1531162620000,1531162679999,669.10000000
0.00204230,0.00204400,0.00203950,0.00204260,1531162680000,1531162739999,385.18000000
0.00204260,0.00204540,0.00204260,0.00204540,1531162740000,1531162799999,334.36000000
0.00204430,0.00204480,0.00203970,0.00204420,1531162800000,1531162859999,710.53000000
0.00204400,0.00204590,0.00204250,0.00204510,1531162860000,1531162919999,107.22000000
0.00204510,0.00204530,0.00204500,0.00204520,1531162920000,1531162979999,89.35000000
0.00204520,0.00204600,0.00204500,0.00204600,1531162980000,1531163039999,288.34000000
0.00204520,0.00204600,0.00204500,0.00204530,1531163040000,1531163099999,189.96000000
0.00204520,0.00204530,0.00204500,0.00204510,1531163100000,1531163159999,187.05000000
0.00204510,0.00204660,0.00204500,0.00204500,1531163160000,1531163219999,147.48000000
0.00204510,0.00204510,0.00204190,0.00204500,1531163220000,1531163279999,107.04000000
0.00204310,0.00204500,0.00204160,0.00204420,1531163280000,1531163339999,125.20000000
0.00204500,0.00204610,0.00204300,0.00204310,1531163340000,1531163399999,174.79000000
0.00204500,0.00204580,0.00204250,0.00204560,1531163400000,1531163459999,88.23000000
0.00204560,0.00204660,0.00204400,0.00204500,1531163460000,1531163519999,68.26000000
0.00204600,0.00204660,0.00204410,0.00204600,1531163520000,1531163579999,46.20000000
0.00204570,0.00204570,0.00204410,0.00204410,1531163580000,1531163639999,67.88000000
0.00204410,0.00204620,0.00204380,0.00204590,1531163640000,1531163699999,62.62000000
0.00204410,0.00204660,0.00204410,0.00204660,1531163700000,1531163759999,50.99000000
0.00204430,0.00204820,0.00204400,0.00204730,1531163760000,1531163819999,554.69000000
0.00204550,0.00204730,0.00204370,0.00204370,1531163820000,1531163879999,770.98000000
0.00204380,0.00204540,0.00204160,0.00204520,1531163880000,1531163939999,161.26000000
0.00204470,0.00204480,0.00204050,0.00204420,1531163940000,1531163999999,85.88000000
0.00204420,0.00204420,0.00204130,0.00204390,1531164000000,1531164059999,323.99000000
0.00204370,0.00204540,0.00204200,0.00204200,1531164060000,1531164119999,15.85000000
0.00204440,0.00204540,0.00204370,0.00204520,1531164120000,1531164179999,33.86000000
0.00204510,0.00204520,0.00204370,0.00204520,1531164180000,1531164239999,47.72000000
0.00204410,0.00204500,0.00204180,0.00204400,1531164240000,1531164299999,71.80000000
0.00204490,0.00204510,0.00204200,0.00204440,1531164300000,1531164359999,93.16000000
0.00204210,0.00204470,0.00204200,0.00204460,1531164360000,1531164419999,33.52000000
0.00204470,0.00204800,0.00204200,0.00204260,1531164420000,1531164479999,867.01000000
0.00204510,0.00204600,0.00204260,0.00204530,1531164480000,1531164539999,165.20000000
0.00204490,0.00204530,0.00204200,0.00204490,1531164540000,1531164599999,94.58000000
0.00204480,0.00204530,0.00204430,0.00204530,1531164600000,1531164659999,97.89000000
0.00204530,0.00204790,0.00204260,0.00204260,1531164660000,1531164719999,173.73000000
0.00204260,0.00204260,0.00204200,0.00204260,1531164720000,1531164779999,12.02000000
0.00204260,0.00204530,0.00204180,0.00204310,1531164780000,1531164839999,144.07000000
0.00204520,0.00204520,0.00204230,0.00204440,1531164840000,1531164899999,185.80000000
0.00204410,0.00204410,0.00204050,0.00204300,1531164900000,1531164959999,664.99000000
0.00204300,0.00204310,0.00204260,0.00204310,1531164960000,1531165019999,699.72000000
0.00204310,0.00204520,0.00204060,0.00204310,1531165020000,1531165079999,657.35000000
0.00204310,0.00204310,0.00204060,0.00204300,1531165080000,1531165139999,38.62000000
0.00204300,0.00204390,0.00204090,0.00204380,1531165140000,1531165199999,502.75000000
0.00204370,0.00204380,0.00204160,0.00204360,1531165200000,1531165259999,1462.05000000
0.00204380,0.00204490,0.00204130,0.00204390,1531165260000,1531165319999,351.77000000
0.00204280,0.00204720,0.00204280,0.00204550,1531165320000,1531165379999,501.73000000
0.00204550,0.00204570,0.00204310,0.00204560,1531165380000,1531165439999,868.39000000
0.00204570,0.00204600,0.00204500,0.00204500,1531165440000,1531165499999,1066.44000000
0.00204500,0.00204500,0.00204210,0.00204460,1531165500000,1531165559999,175.17000000
0.00204460,0.00204610,0.00204240,0.00204610,1531165560000,1531165619999,399.32000000
0.00204610,0.00204610,0.00204250,0.00204250,1531165620000,1531165679999,1174.38000000
0.00204380,0.00204560,0.00204210,0.00204210,1531165680000,1531165739999,598.95000000
0.00204440,0.00204440,0.00204250,0.00204350,1531165740000,1531165799999,649.67000000
0.00204340,0.00204470,0.00204170,0.00204210,1531165800000,1531165859999,291.80000000
0.00204180,0.00204180,0.00203650,0.00203940,1531165860000,1531165919999,935.60000000
0.00203920,0.00204080,0.00203880,0.00203880,1531165920000,1531165979999,936.23000000
0.00204040,0.00204040,0.00203900,0.00203950,1531165980000,1531166039999,12.94000000
0.00203900,0.00203950,0.00203850,0.00203860,1531166040000,1531166099999,704.59000000
0.00203850,0.00203920,0.00203720,0.00203860,1531166100000,1531166159999,777.49000000
0.00203860,0.00204170,0.00203850,0.00204160,1531166160000,1531166219999,816.26000000
0.00203860,0.00204130,0.00203750,0.00203870,1531166220000,1531166279999,1302.47000000
0.00203940,0.00204170,0.00203730,0.00204070,1531166280000,1531166339999,54.06000000
0.00204030,0.00204170,0.00204030,0.00204170,1531166340000,1531166399999,779.15000000
0.00204170,0.00204250,0.00203950,0.00203960,1531166400000,1531166459999,735.71000000
0.00203960,0.00204220,0.00203750,0.00204190,1531166460000,1531166519999,585.34000000
0.00203970,0.00204190,0.00203760,0.00203990,1531166520000,1531166579999,830.13000000
0.00203990,0.00204100,0.00203950,0.00203950,1531166580000,1531166639999,399.85000000
0.00203810,0.00203950,0.00203590,0.00203730,1531166640000,1531166699999,3116.71000000
0.00203790,0.00203940,0.00203630,0.00203920,1531166700000,1531166759999,1162.12000000
0.00203930,0.00204030,0.00203800,0.00204000,1531166760000,1531166819999,832.81000000
0.00203990,0.00203990,0.00203600,0.00203610,1531166820000,1531166879999,812.04000000
0.00203810,0.00204110,0.00203810,0.00204110,1531166880000,1531166939999,741.22000000
0.00204150,0.00204160,0.00204000,0.00204100,1531166940000,1531166999999,914.79000000
0.00204150,0.00204200,0.00203940,0.00204190,1531167000000,1531167059999,846.80000000
0.00204000,0.00204170,0.00203980,0.00204090,1531167060000,1531167119999,1098.79000000
0.00204080,0.00204090,0.00203800,0.00203800,1531167120000,1531167179999,319.53000000
0.00204050,0.00204200,0.00203840,0.00204200,1531167180000,1531167239999,278.73000000
0.00204200,0.00204250,0.00203930,0.00204240,1531167240000,1531167299999,75.47000000
0.00204080,0.00204250,0.00203940,0.00204240,1531167300000,1531167359999,101.44000000
0.00204100,0.00204100,0.00203760,0.00203890,1531167360000,1531167419999,749.38000000
0.00203870,0.00204090,0.00203870,0.00204050,1531167420000,1531167479999,433.40000000
0.00204060,0.00204060,0.00204010,0.00204010,1531167480000,1531167539999,29.21000000
0.00204010,0.00204010,0.00203820,0.00203860,1531167540000,1531167599999,57.29000000
0.00203900,0.00203940,0.00203830,0.00203940,1531167600000,1531167659999,1184.78000000
0.00203930,0.00203940,0.00203740,0.00203740,1531167660000,1531167719999,402.34000000
0.00203750,0.00203960,0.00203570,0.00203960,1531167720000,1531167779999,100.38000000
0.00203930,0.00203930,0.00203500,0.00203600,1531167780000,1531167839999,459.56000000
0.00203500,0.00203860,0.00203350,0.00203690,1531167840000,1531167899999,599.99000000
0.00203830,0.00203840,0.00203580,0.00203690,1531167900000,1531167959999,293.87000000
0.00203700,0.00203700,0.00203360,0.00203360,1531167960000,1531168019999,111.08000000
0.00203370,0.00203580,0.00203300,0.00203570,1531168020000,1531168079999,951.20000000
0.00203560,0.00203580,0.00203200,0.00203490,1531168080000,1531168139999,1866.22000000
0.00203220,0.00203490,0.00203100,0.00203450,1531168140000,1531168199999,804.69000000
0.00203440,0.00203440,0.00203060,0.00203390,1531168200000,1531168259999,1441.03000000
0.00203280,0.00203380,0.00203080,0.00203380,1531168260000,1531168319999,599.27000000
0.00203370,0.00203580,0.00203300,0.00203580,1531168320000,1531168379999,988.23000000
0.00203580,0.00203700,0.00203510,0.00203510,1531168380000,1531168439999,777.17000000
0.00203670,0.00203670,0.00203560,0.00203560,1531168440000,1531168499999,173.42000000
0.00203660,0.00203670,0.00203560,0.00203670,1531168500000,1531168559999,21.65000000
0.00203660,0.00203660,0.00203260,0.00203260,1531168560000,1531168619999,261.98000000
0.00203270,0.00203630,0.00203270,0.00203470,1531168620000,1531168679999,36.90000000
0.00203500,0.00203660,0.00203480,0.00203510,1531168680000,1531168739999,2112.37000000
0.00203660,0.00203660,0.00203500,0.00203650,1531168740000,1531168799999,78.84000000
0.00203630,0.00203640,0.00203400,0.00203420,1531168800000,1531168859999,915.94000000
0.00203450,0.00203450,0.00203280,0.00203280,1531168860000,1531168919999,660.30000000
0.00203290,0.00203450,0.00203270,0.00203390,1531168920000,1531168979999,1261.98000000
0.00203390,0.00203590,0.00203220,0.00203590,1531168980000,1531169039999,30.13000000
0.00203630,0.00203630,0.00203370,0.00203370,1531169040000,1531169099999,406.81000000
0.00203360,0.00203380,0.00202690,0.00202920,1531169100000,1531169159999,5956.47000000
0.00202790,0.00203160,0.00202790,0.00203100,1531169160000,1531169219999,855.15000000
0.00203100,0.00203100,0.00202690,0.00202990,1531169220000,1531169279999,1767.99000000
0.00202750,0.00203040,0.00202670,0.00203000,1531169280000,1531169339999,69.19000000
0.00203000,0.00203040,0.00202990,0.00203010,1531169340000,1531169399999,886.42000000
0.00203010,0.00203040,0.00202960,0.00203040,1531169400000,1531169459999,27.20000000
0.00203160,0.00203210,0.00202800,0.00203090,1531169460000,1531169519999,1091.78000000
0.00203090,0.00203090,0.00202780,0.00202980,1531169520000,1531169579999,41.99000000
0.00202980,0.00203000,0.00202760,0.00202760,1531169580000,1531169639999,1218.42000000
0.00202760,0.00202910,0.00202670,0.00202670,1531169640000,1531169699999,496.89000000
0.00202830,0.00202830,0.00202630,0.00202800,1531169700000,1531169759999,779.47000000
0.00202800,0.00202830,0.00202600,0.00202830,1531169760000,1531169819999,1131.63000000
0.00202830,0.00202830,0.00202590,0.00202780,1531169820000,1531169879999,180.02000000
0.00202780,0.00202820,0.00202770,0.00202820,1531169880000,1531169939999,492.33000000
0.00202820,0.00202820,0.00202770,0.00202800,1531169940000,1531169999999,104.30000000
0.00202800,0.00203210,0.00202600,0.00203000,1531170000000,1531170059999,2800.58000000
0.00203270,0.00203580,0.00203070,0.00203460,1531170060000,1531170119999,439.41000000
0.00203310,0.00203570,0.00202840,0.00203570,1531170120000,1531170179999,802.64000000
0.00203480,0.00203590,0.00203250,0.00203590,1531170180000,1531170239999,997.59000000
0.00203400,0.00203610,0.00203150,0.00203150,1531170240000,1531170299999,2518.67000000
0.00203210,0.00203710,0.00203210,0.00203700,1531170300000,1531170359999,755.16000000
0.00203700,0.00203710,0.00203420,0.00203710,1531170360000,1531170419999,240.69000000
0.00203710,0.00203710,0.00203310,0.00203410,1531170420000,1531170479999,697.75000000
0.00203500,0.00203600,0.00202980,0.00202980,1531170480000,1531170539999,711.34000000
0.00203410,0.00203430,0.00203140,0.00203350,1531170540000,1531170599999,1464.64000000
0.00203380,0.00203490,0.00203130,0.00203470,1531170600000,1531170659999,1618.57000000
0.00203470,0.00203490,0.00203370,0.00203490,1531170660000,1531170719999,359.34000000
0.00203490,0.00203500,0.00203400,0.00203400,1531170720000,1531170779999,451.89000000
0.00203480,0.00203500,0.00203140,0.00203490,1531170780000,1531170839999,632.32000000
0.00203480,0.00203490,0.00203090,0.00203490,1531170840000,1531170899999,2002.24000000
0.00203140,0.00203480,0.00202880,0.00203180,1531170900000,1531170959999,369.72000000
0.00203180,0.00203270,0.00203150,0.00203260,1531170960000,1531171019999,149.23000000
0.00203180,0.00203270,0.00203140,0.00203270,1531171020000,1531171079999,780.14000000
0.00203270,0.00203270,0.00203250,0.00203270,1531171080000,1531171139999,925.88000000
0.00203280,0.00203280,0.00203150,0.00203260,1531171140000,1531171199999,320.37000000
0.00203250,0.00203270,0.00203140,0.00203260,1531171200000,1531171259999,1280.17000000
0.00203250,0.00203270,0.00203120,0.00203270,1531171260000,1531171319999,2151.53000000
0.00203260,0.00203270,0.00203260,0.00203270,1531171320000,1531171379999,360.59000000
0.00203260,0.00203270,0.00203200,0.00203270,1531171380000,1531171439999,1311.33000000
0.00203270,0.00203490,0.00203250,0.00203390,1531171440000,1531171499999,877.06000000
0.00203390,0.00203500,0.00203270,0.00203500,1531171500000,1531171559999,2131.99000000
0.00203470,0.00203500,0.00203270,0.00203500,1531171560000,1531171619999,207.18000000
0.00203450,0.00203490,0.00203120,0.00203490,1531171620000,1531171679999,1329.95000000
0.00203490,0.00203490,0.00203380,0.00203380,1531171680000,1531171739999,228.37000000
0.00203190,0.00203460,0.00203190,0.00203460,1531171740000,1531171799999,1446.15000000
0.00203450,0.00203460,0.00203380,0.00203430,1531171800000,1531171859999,1244.33000000
0.00203450,0.00203450,0.00203380,0.00203410,1531171860000,1531171919999,233.12000000
0.00203380,0.00203460,0.00203380,0.00203460,1531171920000,1531171979999,1821.65000000
0.00203460,0.00203510,0.00203430,0.00203480,1531171980000,1531172039999,1443.59000000
0.00203470,0.00203760,0.00203440,0.00203760,1531172040000,1531172099999,370.14000000
0.00203760,0.00203800,0.00203440,0.00203800,1531172100000,1531172159999,1659.80000000
0.00203790,0.00203790,0.00203420,0.00203720,1531172160000,1531172219999,3656.17000000
0.00203720,0.00203760,0.00203720,0.00203740,1531172220000,1531172279999,381.16000000
0.00203740,0.00203740,0.00203470,0.00203560,1531172280000,1531172339999,154.98000000
0.00203610,0.00203610,0.00203410,0.00203420,1531172340000,1531172399999,1047.98000000
0.00203420,0.00203720,0.00203420,0.00203700,1531172400000,1531172459999,60.05000000
0.00203690,0.00203720,0.00203460,0.00203570,1531172460000,1531172519999,723.38000000
0.00203570,0.00203630,0.00203470,0.00203550,1531172520000,1531172579999,627.69000000
0.00203470,0.00203580,0.00203420,0.00203580,1531172580000,1531172639999,768.67000000
0.00203580,0.00203630,0.00203410,0.00203560,1531172640000,1531172699999,2688.45000000
0.00203410,0.00203740,0.00203140,0.00203740,1531172700000,1531172759999,370.88000000
0.00203390,0.00203750,0.00203320,0.00203420,1531172760000,1531172819999,678.93000000
0.00203700,0.00203760,0.00203480,0.00203480,1531172820000,1531172879999,1378.35000000
0.00203420,0.00203780,0.00203420,0.00203770,1531172880000,1531172939999,62.24000000
0.00203740,0.00203740,0.00203370,0.00203610,1531172940000,1531172999999,385.49000000
0.00203580,0.00203770,0.00203200,0.00203670,1531173000000,1531173059999,350.80000000
0.00203670,0.00203780,0.00203430,0.00203450,1531173060000,1531173119999,210.33000000
0.00203540,0.00203650,0.00203440,0.00203440,1531173120000,1531173179999,760.70000000
0.00203440,0.00203470,0.00203410,0.00203460,1531173180000,1531173239999,628.04000000
0.00203420,0.00203460,0.00203390,0.00203400,1531173240000,1531173299999,414.86000000
0.00203420,0.00203420,0.00203320,0.00203320,1531173300000,1531173359999,1417.55000000
0.00203390,0.00203420,0.00203330,0.00203420,1531173360000,1531173419999,434.23000000
0.00203320,0.00203420,0.00203320,0.00203330,1531173420000,1531173479999,951.53000000
0.00203330,0.00203420,0.00203320,0.00203420,1531173480000,1531173539999,588.99000000
0.00203420,0.00203420,0.00203330,0.00203420,1531173540000,1531173599999,175.34000000
0.00203340,0.00203460,0.00203220,0.00203320,1531173600000,1531173659999,1262.71000000
0.00203220,0.00203450,0.00203140,0.00203400,1531173660000,1531173719999,1218.03000000
0.00203400,0.00203460,0.00203240,0.00203360,1531173720000,1531173779999,407.53000000
0.00203360,0.00203700,0.00203360,0.00203700,1531173780000,1531173839999,1508.41000000
0.00203700,0.00203700,0.00203430,0.00203630,1531173840000,1531173899999,908.23000000
0.00203620,0.00203700,0.00203320,0.00203360,1531173900000,1531173959999,813.17000000
0.00203390,0.00203620,0.00203330,0.00203620,1531173960000,1531174019999,840.41000000
0.00203620,0.00203680,0.00203580,0.00203630,1531174020000,1531174079999,87.13000000
0.00203590,0.00203670,0.00203410,0.00203570,1531174080000,1531174139999,178.44000000
0.00203570,0.00203610,0.00203390,0.00203390,1531174140000,1531174199999,714.82000000
0.00203420,0.00203680,0.00203000,0.00203350,1531174200000,1531174259999,1611.53000000
0.00203010,0.00203400,0.00202880,0.00203390,1531174260000,1531174319999,1301.80000000
0.00203390,0.00203680,0.00203010,0.00203420,1531174320000,1531174379999,700.08000000
0.00203570,0.00203570,0.00203100,0.00203450,1531174380000,1531174439999,292.85000000
0.00203450,0.00203630,0.00203010,0.00203490,1531174440000,1531174499999,1313.59000000
0.00203240,0.00203560,0.00203240,0.00203330,1531174500000,1531174559999,486.60000000
0.00203560,0.00203560,0.00203300,0.00203350,1531174560000,1531174619999,778.35000000
0.00203350,0.00203450,0.00203190,0.00203210,1531174620000,1531174679999,976.73000000
0.00203210,0.00203500,0.00202880,0.00203350,1531174680000,1531174739999,1928.30000000
0.00203310,0.00203310,0.00202720,0.00202950,1531174740000,1531174799999,1262.03000000
0.00202920,0.00203100,0.00202690,0.00202940,1531174800000,1531174859999,1490.53000000
0.00202940,0.00203080,0.00202690,0.00202890,1531174860000,1531174919999,646.41000000
0.00202890,0.00203080,0.00202890,0.00203000,1531174920000,1531174979999,848.18000000
0.00203070,0.00203090,0.00203000,0.00203090,1531174980000,1531175039999,522.54000000
0.00203170,0.00203170,0.00203010,0.00203170,1531175040000,1531175099999,1380.44000000
0.00203160,0.00203280,0.00202640,0.00202640,1531175100000,1531175159999,950.65000000
0.00202640,0.00203180,0.00202600,0.00202880,1531175160000,1531175219999,426.94000000
0.00202880,0.00203440,0.00202860,0.00203100,1531175220000,1531175279999,773.42000000
0.00203100,0.00203440,0.00202870,0.00203350,1531175280000,1531175339999,242.58000000
0.00203350,0.00203490,0.00202600,0.00203090,1531175340000,1531175399999,1520.29000000
0.00203070,0.00203440,0.00203060,0.00203310,1531175400000,1531175459999,521.19000000
0.00203320,0.00203350,0.00203080,0.00203350,1531175460000,1531175519999,1448.70000000
0.00203350,0.00203360,0.00203030,0.00203330,1531175520000,1531175579999,117.33000000
0.00203330,0.00203350,0.00203110,0.00203350,1531175580000,1531175639999,628.09000000
0.00203350,0.00203910,0.00203150,0.00203910,1531175640000,1531175699999,2821.82000000
0.00203860,0.00203860,0.00203710,0.00203800,1531175700000,1531175759999,179.93000000
0.00203770,0.00203800,0.00203770,0.00203800,1531175760000,1531175819999,97.02000000
0.00203790,0.00203800,0.00203370,0.00203720,1531175820000,1531175879999,1026.00000000
0.00203500,0.00203800,0.00203450,0.00203700,1531175880000,1531175939999,231.54000000
0.00203700,0.00203700,0.00203210,0.00203410,1531175940000,1531175999999,206.45000000
0.00203400,0.00203450,0.00203330,0.00203390,1531176000000,1531176059999,994.81000000
0.00203450,0.00203620,0.00203300,0.00203590,1531176060000,1531176119999,1207.55000000
0.00203590,0.00203600,0.00203080,0.00203340,1531176120000,1531176179999,1284.46000000
0.00203340,0.00203580,0.00203140,0.00203490,1531176180000,1531176239999,776.10000000
0.00203230,0.00203500,0.00203080,0.00203160,1531176240000,1531176299999,1702.05000000
0.00203140,0.00203170,0.00202810,0.00203170,1531176300000,1531176359999,135.43000000
0.00203170,0.00203420,0.00203170,0.00203170,1531176360000,1531176419999,762.59000000
0.00203170,0.00203340,0.00203130,0.00203150,1531176420000,1531176479999,407.02000000
0.00203160,0.00203300,0.00202780,0.00203140,1531176480000,1531176539999,824.53000000
0.00203150,0.00203490,0.00202910,0.00203450,1531176540000,1531176599999,484.42000000
0.00203450,0.00203450,0.00203050,0.00203080,1531176600000,1531176659999,267.22000000
0.00203080,0.00203290,0.00202940,0.00202940,1531176660000,1531176719999,458.07000000
0.00202940,0.00202940,0.00202630,0.00202630,1531176720000,1531176779999,903.28000000
0.00202800,0.00202800,0.00202590,0.00202630,1531176780000,1531176839999,1450.73000000
0.00202640,0.00202800,0.00202640,0.00202790,1531176840000,1531176899999,534.52000000
0.00202780,0.00203060,0.00202590,0.00203010,1531176900000,1531176959999,1478.26000000
0.00202820,0.00203010,0.00202790,0.00203010,1531176960000,1531177019999,1309.56000000
0.00203010,0.00203110,0.00202820,0.00203110,1531177020000,1531177079999,161.42000000
0.00203100,0.00203230,0.00202730,0.00203120,1531177080000,1531177139999,2774.72000000
0.00203120,0.00203430,0.00202920,0.00203310,1531177140000,1531177199999,197.77000000
0.00203180,0.00203250,0.00202950,0.00203210,1531177200000,1531177259999,1144.02000000
0.00203190,0.00203260,0.00202850,0.00202860,1531177260000,1531177319999,724.01000000
0.00203130,0.00203420,0.00202820,0.00203420,1531177320000,1531177379999,1378.19000000
0.00203430,0.00203480,0.00203330,0.00203330,1531177380000,1531177439999,222.06000000
0.00203390,0.00203390,0.00203110,0.00203150,1531177440000,1531177499999,573.28000000
0.00203260,0.00203260,0.00203100,0.00203110,1531177500000,1531177559999,777.97000000
0.00203110,0.00203530,0.00203110,0.00203480,1531177560000,1531177619999,892.63000000
0.00203470,0.00203480,0.00203220,0.00203220,1531177620000,1531177679999,50.79000000
0.00203440,0.00203440,0.00203220,0.00203370,1531177680000,1531177739999,604.26000000
0.00203220,0.00203460,0.00203220,0.00203240,1531177740000,1531177799999,1558.85000000
0.00203470,0.00203510,0.00203260,0.00203470,1531177800000,1531177859999,553.65000000
0.00203450,0.00203450,0.00203260,0.00203260,1531177860000,1531177919999,483.43000000
0.00203490,0.00203490,0.00203260,0.00203290,1531177920000,1531177979999,269.85000000
0.00203430,0.00203460,0.00203110,0.00203410,1531177980000,1531178039999,917.52000000
0.00203120,0.00203430,0.00203060,0.00203380,1531178040000,1531178099999,136.19000000
0.00203380,0.00203700,0.00203100,0.00203470,1531178100000,1531178159999,2659.78000000
0.00203700,0.00203700,0.00203370,0.00203400,1531178160000,1531178219999,459.50000000
0.00203650,0.00203760,0.00203410,0.00203440,1531178220000,1531178279999,1619.07000000
0.00203630,0.00203630,0.00203430,0.00203430,1531178280000,1531178339999,311.02000000
0.00203440,0.00203780,0.00203430,0.00203640,1531178340000,1531178399999,1127.83000000
0.00203500,0.00203790,0.00203430,0.00203730,1531178400000,1531178459999,3247.49000000
0.00203440,0.00203850,0.00203370,0.00203830,1531178460000,1531178519999,1454.46000000
0.00203600,0.00203600,0.00203360,0.00203590,1531178520000,1531178579999,953.22000000
0.00203590,0.00203600,0.00202900,0.00203400,1531178580000,1531178639999,1774.38000000
0.00203400,0.00203600,0.00202700,0.00203340,1531178640000,1531178699999,820.77000000
0.00203340,0.00203890,0.00203310,0.00203590,1531178700000,1531178759999,1565.70000000
0.00203540,0.00203640,0.00203220,0.00203470,1531178760000,1531178819999,730.73000000
0.00203450,0.00203640,0.00203230,0.00203360,1531178820000,1531178879999,692.73000000
0.00203360,0.00203710,0.00203270,0.00203320,1531178880000,1531178939999,1738.96000000
0.00203530,0.00203760,0.00202930,0.00203040,1531178940000,1531178999999,1150.70000000
0.00203070,0.00203950,0.00202980,0.00203710,1531179000000,1531179059999,2274.04000000
0.00203700,0.00203950,0.00203510,0.00203760,1531179060000,1531179119999,518.72000000
0.00203750,0.00203830,0.00203320,0.00203830,1531179120000,1531179179999,295.67000000
0.00203610,0.00203790,0.00203320,0.00203500,1531179180000,1531179239999,601.59000000
0.00203500,0.00203840,0.00203430,0.00203600,1531179240000,1531179299999,945.54000000
0.00203600,0.00203780,0.00203440,0.00203750,1531179300000,1531179359999,1262.41000000
0.00203620,0.00203760,0.00203310,0.00203310,1531179360000,1531179419999,1684.38000000
0.00203460,0.00203540,0.00203410,0.00203430,1531179420000,1531179479999,154.15000000
0.00203500,0.00203500,0.00203310,0.00203310,1531179480000,1531179539999,175.48000000
0.00203330,0.00203370,0.00203110,0.00203230,1531179540000,1531179599999,1061.85000000
0.00203230,0.00203240,0.00203190,0.00203240,1531179600000,1531179659999,26.91000000
0.00203200,0.00203570,0.00203200,0.00203330,1531179660000,1531179719999,1987.35000000
0.00203490,0.00203490,0.00203200,0.00203200,1531179720000,1531179779999,690.23000000
0.00203190,0.00203280,0.00202640,0.00203120,1531179780000,1531179839999,1606.31000000
0.00203220,0.00203400,0.00203220,0.00203390,1531179840000,1531179899999,166.44000000
0.00203390,0.00203490,0.00203140,0.00203200,1531179900000,1531179959999,350.01000000
0.00203200,0.00203310,0.00203140,0.00203260,1531179960000,1531180019999,201.28000000
0.00203170,0.00203390,0.00203170,0.00203260,1531180020000,1531180079999,359.97000000
0.00203180,0.00203300,0.00202640,0.00203000,1531180080000,1531180139999,1927.52000000
0.00203010,0.00203220,0.00203010,0.00203200,1531180140000,1531180199999,539.79000000
0.00203200,0.00203260,0.00202850,0.00203260,1531180200000,1531180259999,387.43000000
0.00203250,0.00203250,0.00202850,0.00202850,1531180260000,1531180319999,580.51000000
0.00202950,0.00203110,0.00202860,0.00203090,1531180320000,1531180379999,611.81000000
0.00202970,0.00203080,0.00202690,0.00202690,1531180380000,1531180439999,249.94000000
0.00202930,0.00203120,0.00202770,0.00202980,1531180440000,1531180499999,170.76000000
0.00202960,0.00203210,0.00202960,0.00203030,1531180500000,1531180559999,171.00000000
0.00203000,0.00203150,0.00202810,0.00202910,1531180560000,1531180619999,1645.76000000
0.00202910,0.00203090,0.00202860,0.00202870,1531180620000,1531180679999,554.93000000
0.00202870,0.00203110,0.00202800,0.00202850,1531180680000,1531180739999,612.67000000
0.00203050,0.00203050,0.00202690,0.00203010,1531180740000,1531180799999,197.67000000
0.00203010,0.00203250,0.00202780,0.00202910,1531180800000,1531180859999,1148.54000000
0.00202870,0.00202900,0.00202640,0.00202740,1531180860000,1531180919999,2047.88000000
0.00202690,0.00202890,0.00202580,0.00202780,1531180920000,1531180979999,1325.90000000
0.00202780,0.00202780,0.00202050,0.00202100,1531180980000,1531181039999,3175.03000000
0.00202400,0.00202650,0.00202080,0.00202510,1531181040000,1531181099999,1063.14000000
0.00202640,0.00202640,0.00202070,0.00202330,1531181100000,1531181159999,637.57000000
0.00202080,0.00202260,0.00201870,0.00201960,1531181160000,1531181219999,3910.71000000
0.00201960,0.00202010,0.00201630,0.00201660,1531181220000,1531181279999,1397.10000000
0.00201660,0.00201750,0.00201640,0.00201750,1531181280000,1531181339999,409.13000000
0.00201750,0.00202240,0.00201630,0.00202050,1531181340000,1531181399999,3808.34000000
0.00202120,0.00202200,0.00202000,0.00202200,1531181400000,1531181459999,478.08000000
0.00202150,0.00202190,0.00201980,0.00202010,1531181460000,1531181519999,180.26000000
0.00202010,0.00202010,0.00201550,0.00201890,1531181520000,1531181579999,2139.35000000
0.00201840,0.00202010,0.00201450,0.00201950,1531181580000,1531181639999,8952.53000000
0.00201950,0.00202010,0.00201640,0.00201850,1531181640000,1531181699999,999.00000000
0.00202010,0.00202140,0.00201870,0.00202130,1531181700000,1531181759999,1059.46000000
0.00202130,0.00202240,0.00201900,0.00202210,1531181760000,1531181819999,1039.41000000
0.00202210,0.00202210,0.00202010,0.00202010,1531181820000,1531181879999,1722.35000000
0.00202010,0.00202210,0.00202010,0.00202200,1531181880000,1531181939999,1036.01000000
0.00202210,0.00202360,0.00201800,0.00202000,1531181940000,1531181999999,2288.95000000
0.00202130,0.00202290,0.00202010,0.00202210,1531182000000,1531182059999,604.75000000
0.00202220,0.00202320,0.00202000,0.00202290,1531182060000,1531182119999,618.44000000
0.00202070,0.00202320,0.00202070,0.00202300,1531182120000,1531182179999,345.79000000
0.00202320,0.00202360,0.00202070,0.00202350,1531182180000,1531182239999,333.54000000
0.00202360,0.00202450,0.00202120,0.00202440,1531182240000,1531182299999,376.62000000
0.00202440,0.00202470,0.00202080,0.00202440,1531182300000,1531182359999,145.44000000
0.00202440,0.00202440,0.00202130,0.00202370,1531182360000,1531182419999,766.54000000
0.00202380,0.00202390,0.00202140,0.00202140,1531182420000,1531182479999,1067.11000000
0.00202140,0.00202400,0.00202140,0.00202400,1531182480000,1531182539999,602.45000000
0.00202410,0.00202530,0.00202180,0.00202530,1531182540000,1531182599999,1344.22000000
0.00202500,0.00202800,0.00202420,0.00202800,1531182600000,1531182659999,795.95000000
0.00202720,0.00202820,0.00202520,0.00202730,1531182660000,1531182719999,1253.41000000
0.00202730,0.00202730,0.00202600,0.00202670,1531182720000,1531182779999,431.92000000
0.00202640,0.00202810,0.00202600,0.00202610,1531182780000,1531182839999,540.50000000
0.00202770,0.00202810,0.00202610,0.00202810,1531182840000,1531182899999,109.23000000
0.00202810,0.00202810,0.00202610,0.00202610,1531182900000,1531182959999,375.05000000
0.00202770,0.00202820,0.00202610,0.00202820,1531182960000,1531183019999,397.37000000
0.00202810,0.00202810,0.00202610,0.00202810,1531183020000,1531183079999,201.65000000
0.00202740,0.00202820,0.00202610,0.00202760,1531183080000,1531183139999,382.14000000
0.00202760,0.00202820,0.00202610,0.00202810,1531183140000,1531183199999,549.12000000
0.00202630,0.00202810,0.00202620,0.00202790,1531183200000,1531183259999,360.83000000
0.00202770,0.00202790,0.00202610,0.00202770,1531183260000,1531183319999,359.01000000
0.00202610,0.00202770,0.00202610,0.00202620,1531183320000,1531183379999,419.37000000
0.00202770,0.00202800,0.00202610,0.00202620,1531183380000,1531183439999,520.42000000
0.00202620,0.00202800,0.00202570,0.00202640,1531183440000,1531183499999,906.57000000
0.00202600,0.00202770,0.00202540,0.00202730,1531183500000,1531183559999,77.89000000
0.00202710,0.00202740,0.00202600,0.00202600,1531183560000,1531183619999,149.62000000
0.00202600,0.00202740,0.00202150,0.00202210,1531183620000,1531183679999,1456.91000000
0.00202610,0.00202740,0.00202480,0.00202740,1531183680000,1531183739999,340.32000000
0.00202680,0.00202680,0.00202510,0.00202680,1531183740000,1531183799999,254.76000000
0.00202510,0.00202630,0.00202420,0.00202500,1531183800000,1531183859999,135.33000000
0.00202480,0.00202500,0.00202450,0.00202500,1531183860000,1531183919999,137.51000000
0.00202480,0.00203160,0.00202480,0.00202820,1531183920000,1531183979999,1669.90000000
0.00203140,0.00203140,0.00202730,0.00202840,1531183980000,1531184039999,157.77000000
0.00202820,0.00202830,0.00202500,0.00202810,1531184040000,1531184099999,841.49000000
0.00202810,0.00202820,0.00202620,0.00202820,1531184100000,1531184159999,290.84000000
0.00202630,0.00202980,0.00202630,0.00202980,1531184160000,1531184219999,622.21000000
0.00202820,0.00202980,0.00202820,0.00202850,1531184220000,1531184279999,373.50000000
0.00202900,0.00202990,0.00202860,0.00202860,1531184280000,1531184339999,91.83000000
0.00202950,0.00202990,0.00202860,0.00202950,1531184340000,1531184399999,100.13000000
0.00202950,0.00202950,0.00202580,0.00202600,1531184400000,1531184459999,541.37000000
0.00202610,0.00202880,0.00202560,0.00202860,1531184460000,1531184519999,36.29000000
0.00202560,0.00202610,0.00202500,0.00202600,1531184520000,1531184579999,81.52000000
0.00202670,0.00202670,0.00202300,0.00202300,1531184580000,1531184639999,207.85000000
0.00202300,0.00202300,0.00202230,0.00202230,1531184640000,1531184699999,370.11000000
0.00202240,0.00202250,0.00202050,0.00202050,1531184700000,1531184759999,264.23000000
0.00202050,0.00202140,0.00201800,0.00201800,1531184760000,1531184819999,810.21000000
0.00201850,0.00202230,0.00201800,0.00201830,1531184820000,1531184879999,1079.31000000
0.00201830,0.00202010,0.00201630,0.00201770,1531184880000,1531184939999,744.84000000
0.00201840,0.00202010,0.00201620,0.00201920,1531184940000,1531184999999,312.86000000
0.00201950,0.00201950,0.00201570,0.00201820,1531185000000,1531185059999,338.62000000
0.00201820,0.00201940,0.00201810,0.00201820,1531185060000,1531185119999,609.71000000
0.00201820,0.00202010,0.00201760,0.00201760,1531185120000,1531185179999,180.07000000
0.00201770,0.00201820,0.00201520,0.00201570,1531185180000,1531185239999,196.16000000
0.00201780,0.00201820,0.00201690,0.00201810,1531185240000,1531185299999,1330.60000000
0.00201820,0.00201960,0.00201800,0.00201960,1531185300000,1531185359999,610.67000000
0.00201810,0.00202240,0.00201810,0.00201830,1531185360000,1531185419999,1422.37000000
0.00202040,0.00202080,0.00201800,0.00201810,1531185420000,1531185479999,587.87000000
0.00201920,0.00202080,0.00201800,0.00201990,1531185480000,1531185539999,959.26000000
0.00202080,0.00202230,0.00201920,0.00201920,1531185540000,1531185599999,92.41000000
0.00202050,0.00202070,0.00201920,0.00202020,1531185600000,1531185659999,558.98000000
0.00201970,0.00201970,0.00201810,0.00201960,1531185660000,1531185719999,858.72000000
0.00201960,0.00201970,0.00201940,0.00201970,1531185720000,1531185779999,798.18000000
0.00201960,0.00201970,0.00201820,0.00201830,1531185780000,1531185839999,585.95000000
0.00201970,0.00201970,0.00201810,0.00201940,1531185840000,1531185899999,855.45000000
0.00201910,0.00202020,0.00201860,0.00201990,1531185900000,1531185959999,138.60000000
0.00201860,0.00201900,0.00201800,0.00201800,1531185960000,1531186019999,701.36000000
0.00201800,0.00201900,0.00201800,0.00201800,1531186020000,1531186079999,219.36000000
0.00201890,0.00201890,0.00201580,0.00201630,1531186080000,1531186139999,98.51000000
0.00201610,0.00201660,0.00201550,0.00201660,1531186140000,1531186199999,295.03000000
0.00201740,0.00202030,0.00201690,0.00202030,1531186200000,1531186259999,1158.17000000
0.00201930,0.00202100,0.00201930,0.00202100,1531186260000,1531186319999,368.72000000
0.00202040,0.00202060,0.00201740,0.00201960,1531186320000,1531186379999,1294.26000000
0.00201930,0.00201960,0.00201770,0.00201770,1531186380000,1531186439999,1119.28000000
0.00201760,0.00201960,0.00201670,0.00201680,1531186440000,1531186499999,144.57000000
0.00201920,0.00201930,0.00201660,0.00201910,1531186500000,1531186559999,740.06000000
0.00201910,0.00201910,0.00201640,0.00201910,1531186560000,1531186619999,343.66000000
0.00201900,0.00201910,0.00201670,0.00201670,1531186620000,1531186679999,547.81000000
0.00201910,0.00201910,0.00201560,0.00201910,1531186680000,1531186739999,570.86000000
0.00201900,0.00201910,0.00201610,0.00201810,1531186740000,1531186799999,909.77000000
0.00201810,0.00201820,0.00201650,0.00201670,1531186800000,1531186859999,519.99000000
0.00201660,0.00201820,0.00201660,0.00201820,1531186860000,1531186919999,43.21000000
0.00201810,0.00201900,0.00201650,0.00201900,1531186920000,1531186979999,868.13000000
0.00201700,0.00201910,0.00201650,0.00201890,1531186980000,1531187039999,100.37000000
0.00201880,0.00201880,0.00201810,0.00201820,1531187040000,1531187099999,474.70000000
0.00201820,0.00201910,0.00201670,0.00201680,1531187100000,1531187159999,536.71000000
0.00201780,0.00201900,0.00201650,0.00201850,1531187160000,1531187219999,469.66000000
0.00201780,0.00201910,0.00201650,0.00201900,1531187220000,1531187279999,911.00000000
0.00201900,0.00201900,0.00201700,0.00201900,1531187280000,1531187339999,599.60000000
0.00201900,0.00201910,0.00201890,0.00201900,1531187340000,1531187399999,489.60000000
0.00201900,0.00201900,0.00201720,0.00201840,1531187400000,1531187459999,767.29000000
0.00201900,0.00201900,0.00201730,0.00201840,1531187460000,1531187519999,7.52000000
0.00201830,0.00201910,0.00201830,0.00201910,1531187520000,1531187579999,1105.46000000
0.00201830,0.00201910,0.00201830,0.00201910,1531187580000,1531187639999,873.32000000
0.00201840,0.00201840,0.00201650,0.00201830,1531187640000,1531187699999,734.81000000
0.00201830,0.00201830,0.00201590,0.00201830,1531187700000,1531187759999,558.64000000
0.00201830,0.00201830,0.00201600,0.00201800,1531187760000,1531187819999,975.47000000
0.00201620,0.00201820,0.00201510,0.00201510,1531187820000,1531187879999,1037.28000000
0.00201560,0.00201820,0.00201510,0.00201560,1531187880000,1531187939999,813.83000000
0.00201800,0.00201820,0.00201470,0.00201500,1531187940000,1531187999999,628.56000000
0.00201460,0.00201500,0.00201170,0.00201220,1531188000000,1531188059999,7440.11000000
0.00201250,0.00201450,0.00201120,0.00201370,1531188060000,1531188119999,1166.89000000
0.00201120,0.00201360,0.00200110,0.00200620,1531188120000,1531188179999,10288.54000000
0.00200610,0.00200960,0.00200530,0.00200530,1531188180000,1531188239999,1644.42000000
0.00200860,0.00200860,0.00200120,0.00200450,1531188240000,1531188299999,548.86000000
0.00200460,0.00200470,0.00200220,0.00200430,1531188300000,1531188359999,671.77000000
0.00200420,0.00200600,0.00199500,0.00200600,1531188360000,1531188419999,27438.14000000
0.00200600,0.00200610,0.00199900,0.00199900,1531188420000,1531188479999,1463.07000000
0.00199840,0.00200740,0.00199740,0.00200740,1531188480000,1531188539999,378.99000000
0.00200280,0.00200470,0.00200000,0.00200140,1531188540000,1531188599999,355.41000000
0.00200260,0.00200280,0.00199600,0.00199920,1531188600000,1531188659999,574.92000000
0.00200020,0.00200170,0.00199740,0.00200120,1531188660000,1531188719999,713.55000000
0.00200110,0.00200790,0.00199780,0.00200780,1531188720000,1531188779999,2938.59000000
0.00200510,0.00200790,0.00200160,0.00200160,1531188780000,1531188839999,652.24000000
0.00200150,0.00200940,0.00199500,0.00200300,1531188840000,1531188899999,2604.22000000
0.00200310,0.00200390,0.00200170,0.00200390,1531188900000,1531188959999,421.95000000
0.00200380,0.00200430,0.00200310,0.00200420,1531188960000,1531189019999,654.68000000
0.00200420,0.00200450,0.00200010,0.00200450,1531189020000,1531189079999,332.26000000
0.00200390,0.00200450,0.00200130,0.00200130,1531189080000,1531189139999,634.18000000
0.00200280,0.00200570,0.00200120,0.00200570,1531189140000,1531189199999,425.72000000
0.00200500,0.00200580,0.00199940,0.00200440,1531189200000,1531189259999,896.52000000
0.00200380,0.00200450,0.00200140,0.00200350,1531189260000,1531189319999,381.42000000
0.00200420,0.00200510,0.00199970,0.00200060,1531189320000,1531189379999,625.99000000
0.00200060,0.00200120,0.00199990,0.00200040,1531189380000,1531189439999,398.93000000
0.00200040,0.00200340,0.00199990,0.00200240,1531189440000,1531189499999,449.47000000
0.00200020,0.00200360,0.00199810,0.00200290,1531189500000,1531189559999,409.48000000
0.00200070,0.00200700,0.00200030,0.00200610,1531189560000,1531189619999,760.68000000
0.00200450,0.00200450,0.00199920,0.00199920,1531189620000,1531189679999,438.69000000
0.00199960,0.00200160,0.00199960,0.00200140,1531189680000,1531189739999,103.67000000
0.00200140,0.00200370,0.00200080,0.00200340,1531189740000,1531189799999,317.39000000
0.00200070,0.00200250,0.00199810,0.00200120,1531189800000,1531189859999,369.80000000
0.00200160,0.00200350,0.00200160,0.00200320,1531189860000,1531189919999,368.44000000
0.00200320,0.00200510,0.00200190,0.00200190,1531189920000,1531189979999,307.12000000
0.00200160,0.00200730,0.00199810,0.00199810,1531189980000,1531190039999,548.97000000
0.00200170,0.00200400,0.00199850,0.00200180,1531190040000,1531190099999,1156.38000000
0.00200390,0.00200610,0.00200180,0.00200380,1531190100000,1531190159999,835.83000000
0.00200430,0.00200510,0.00199820,0.00199870,1531190160000,1531190219999,552.24000000
0.00199930,0.00200190,0.00199850,0.00199870,1531190220000,1531190279999,645.97000000
0.00199870,0.00200420,0.00199860,0.00200320,1531190280000,1531190339999,658.97000000
0.00200240,0.00200330,0.00199910,0.00199910,1531190340000,1531190399999,3111.91000000
0.00199920,0.00199920,0.00199860,0.00199900,1531190400000,1531190459999,133.17000000
0.00199920,0.00200000,0.00199910,0.00199970,1531190460000,1531190519999,295.69000000
0.00199980,0.00200230,0.00199770,0.00200210,1531190520000,1531190579999,1379.89000000
0.00199950,0.00200270,0.00199820,0.00200130,1531190580000,1531190639999,342.82000000
0.00200120,0.00200140,0.00199830,0.00200100,1531190640000,1531190699999,820.04000000
0.00200100,0.00200110,0.00199830,0.00200090,1531190700000,1531190759999,301.37000000
0.00200090,0.00200280,0.00200080,0.00200260,1531190760000,1531190819999,511.05000000
0.00200270,0.00200770,0.00200270,0.00200370,1531190820000,1531190879999,981.86000000
0.00200360,0.00200690,0.00200140,0.00200140,1531190880000,1531190939999,477.76000000
0.00200260,0.00200470,0.00199970,0.00200280,1531190940000,1531190999999,1841.48000000
0.00200260,0.00200510,0.00199920,0.00200340,1531191000000,1531191059999,1276.27000000
0.00200320,0.00200620,0.00199920,0.00200620,1531191060000,1531191119999,1397.64000000
0.00200450,0.00200910,0.00200450,0.00200840,1531191120000,1531191179999,1042.64000000
0.00200630,0.00200940,0.00200620,0.00200930,1531191180000,1531191239999,1290.57000000
0.00200910,0.00200910,0.00200460,0.00200850,1531191240000,1531191299999,485.53000000
0.00200700,0.00200850,0.00200490,0.00200530,1531191300000,1531191359999,286.01000000
0.00200540,0.00200680,0.00200050,0.00200390,1531191360000,1531191419999,1541.79000000
0.00200120,0.00200640,0.00200060,0.00200640,1531191420000,1531191479999,370.47000000
0.00200450,0.00200650,0.00200330,0.00200600,1531191480000,1531191539999,382.45000000
0.00200560,0.00200560,0.00200210,0.00200390,1531191540000,1531191599999,162.07000000
0.00200390,0.00201190,0.00200080,0.00200750,1531191600000,1531191659999,3018.22000000
0.00200670,0.00201110,0.00200410,0.00201110,1531191660000,1531191719999,735.20000000
0.00200880,0.00201180,0.00200600,0.00200870,1531191720000,1531191779999,1383.05000000
0.00200870,0.00200890,0.00200230,0.00200480,1531191780000,1531191839999,1711.20000000
0.00200480,0.00200590,0.00200260,0.00200530,1531191840000,1531191899999,1107.99000000
0.00200530,0.00200790,0.00200280,0.00200790,1531191900000,1531191959999,1014.58000000
0.00200810,0.00201220,0.00200790,0.00201180,1531191960000,1531192019999,497.85000000
0.00201220,0.00201560,0.00201110,0.00201560,1531192020000,1531192079999,1367.91000000
0.00201560,0.00202440,0.00201520,0.00202440,1531192080000,1531192139999,7297.04000000
0.00202440,0.00202780,0.00202250,0.00202600,1531192140000,1531192199999,1537.36000000
0.00202600,0.00202840,0.00202370,0.00202640,1531192200000,1531192259999,1145.29000000
0.00202840,0.00202880,0.00202600,0.00202800,1531192260000,1531192319999,235.84000000
0.00202800,0.00202880,0.00202520,0.00202750,1531192320000,1531192379999,313.13000000
0.00202510,0.00202920,0.00202510,0.00202610,1531192380000,1531192439999,206.20000000
0.00202560,0.00203850,0.00202560,0.00203430,1531192440000,1531192499999,2814.39000000
0.00203280,0.00203400,0.00202460,0.00202600,1531192500000,1531192559999,501.69000000
0.00202890,0.00202890,0.00202480,0.00202490,1531192560000,1531192619999,289.74000000
0.00202520,0.00202700,0.00202380,0.00202460,1531192620000,1531192679999,317.16000000
0.00202460,0.00202630,0.00202380,0.00202620,1531192680000,1531192739999,757.27000000
0.00202380,0.00202710,0.00202380,0.00202560,1531192740000,1531192799999,245.35000000
0.00202560,0.00202600,0.00202270,0.00202270,1531192800000,1531192859999,255.44000000
0.00202270,0.00202500,0.00202230,0.00202470,1531192860000,1531192919999,58.46000000
0.00202230,0.00202400,0.00202090,0.00202320,1531192920000,1531192979999,162.25000000
0.00202320,0.00202590,0.00202320,0.00202550,1531192980000,1531193039999,135.87000000
0.00202380,0.00202550,0.00202360,0.00202360,1531193040000,1531193099999,25.82000000
0.00202500,0.00202540,0.00202360,0.00202540,1531193100000,1531193159999,44.94000000
0.00202500,0.00203070,0.00202370,0.00202420,1531193160000,1531193219999,3267.89000000
0.00202670,0.00202760,0.00202450,0.00202530,1531193220000,1531193279999,200.98000000
0.00202760,0.00202880,0.00202410,0.00202630,1531193280000,1531193339999,624.63000000
0.00202620,0.00203480,0.00202360,0.00202680,1531193340000,1531193399999,3218.19000000
0.00202760,0.00203030,0.00201890,0.00202130,1531193400000,1531193459999,3719.14000000
0.00202130,0.00202150,0.00202020,0.00202030,1531193460000,1531193519999,110.81000000
0.00202020,0.00202030,0.00201100,0.00201600,1531193520000,1531193579999,1947.12000000
0.00201490,0.00201750,0.00200980,0.00201380,1531193580000,1531193639999,1897.51000000
0.00201250,0.00201530,0.00201250,0.00201280,1531193640000,1531193699999,379.06000000
0.00201280,0.00201840,0.00200740,0.00201100,1531193700000,1531193759999,1486.37000000
0.00201100,0.00201300,0.00200740,0.00201050,1531193760000,1531193819999,470.64000000
0.00201040,0.00201260,0.00200770,0.00201260,1531193820000,1531193879999,310.60000000
0.00201260,0.00201620,0.00200800,0.00200800,1531193880000,1531193939999,915.00000000
0.00200800,0.00201040,0.00200770,0.00200780,1531193940000,1531193999999,124.58000000
0.00200780,0.00200810,0.00200050,0.00200360,1531194000000,1531194059999,1313.48000000
0.00200270,0.00200970,0.00200270,0.00200830,1531194060000,1531194119999,475.06000000
0.00200830,0.00200830,0.00200430,0.00200710,1531194120000,1531194179999,102.86000000
0.00200820,0.00200920,0.00200600,0.00200780,1531194180000,1531194239999,73.78000000
0.00200770,0.00200920,0.00200720,0.00200910,1531194240000,1531194299999,66.92000000
0.00200910,0.00200920,0.00200700,0.00200900,1531194300000,1531194359999,58.15000000
0.00200880,0.00200890,0.00200580,0.00200850,1531194360000,1531194419999,56.58000000
0.00200830,0.00200890,0.00200730,0.00200830,1531194420000,1531194479999,121.71000000
0.00200830,0.00201180,0.00200830,0.00201180,1531194480000,1531194539999,105.19000000
0.00201170,0.00201200,0.00200830,0.00200880,1531194540000,1531194599999,616.74000000
0.00200880,0.00201110,0.00200690,0.00200690,1531194600000,1531194659999,122.41000000
0.00200690,0.00200900,0.00200590,0.00200870,1531194660000,1531194719999,159.57000000
0.00200860,0.00200870,0.00200690,0.00200810,1531194720000,1531194779999,30.91000000
0.00200760,0.00201210,0.00200760,0.00201210,1531194780000,1531194839999,355.99000000
0.00200930,0.00201200,0.00200810,0.00201000,1531194840000,1531194899999,57.61000000
0.00201000,0.00201230,0.00200840,0.00201210,1531194900000,1531194959999,341.20000000
0.00201210,0.00201210,0.00200760,0.00200760,1531194960000,1531195019999,423.00000000
0.00200760,0.00200800,0.00200600,0.00200710,1531195020000,1531195079999,500.65000000
0.00200710,0.00200710,0.00200330,0.00200340,1531195080000,1531195139999,513.63000000
0.00200460,0.00200770,0.00200450,0.00200610,1531195140000,1531195199999,38.33000000
0.00200610,0.00200680,0.00200130,0.00200410,1531195200000,1531195259999,321.83000000
0.00200410,0.00200450,0.00199970,0.00200080,1531195260000,1531195319999,1639.15000000
0.00200240,0.00200240,0.00199920,0.00199920,1531195320000,1531195379999,169.08000000
0.00200050,0.00200360,0.00199900,0.00200360,1531195380000,1531195439999,335.21000000
0.00200360,0.00200580,0.00200320,0.00200360,1531195440000,1531195499999,102.01000000
0.00200490,0.00200490,0.00200070,0.00200440,1531195500000,1531195559999,88.69000000
0.00200440,0.00200780,0.00200430,0.00200470,1531195560000,1531195619999,95.05000000
0.00200470,0.00200690,0.00200210,0.00200210,1531195620000,1531195679999,685.65000000
0.00200350,0.00200540,0.00200220,0.00200280,1531195680000,1531195739999,102.72000000
0.00200500,0.00200560,0.00200180,0.00200520,1531195740000,1531195799999,142.86000000
0.00200070,0.00200520,0.00200070,0.00200520,1531195800000,1531195859999,25.96000000
0.00200520,0.00200570,0.00200070,0.00200230,1531195860000,1531195919999,348.87000000
0.00200250,0.00200250,0.00199990,0.00200070,1531195920000,1531195979999,249.56000000
0.00200240,0.00200740,0.00200070,0.00200740,1531195980000,1531196039999,626.58000000
0.00200720,0.00200810,0.00200040,0.00200700,1531196040000,1531196099999,1632.81000000
0.00200660,0.00200680,0.00200080,0.00200300,1531196100000,1531196159999,494.89000000
0.00200430,0.00200480,0.00200300,0.00200480,1531196160000,1531196219999,126.09000000
0.00200300,0.00200480,0.00200300,0.00200350,1531196220000,1531196279999,296.69000000
0.00200470,0.00200480,0.00200300,0.00200440,1531196280000,1531196339999,265.26000000
0.00200470,0.00200510,0.00200130,0.00200510,1531196340000,1531196399999,924.75000000
0.00200700,0.00201090,0.00200510,0.00200880,1531196400000,1531196459999,2549.11000000
0.00200890,0.00201030,0.00200710,0.00200750,1531196460000,1531196519999,2088.95000000
0.00200750,0.00200980,0.00200710,0.00200800,1531196520000,1531196579999,172.84000000
0.00200810,0.00201000,0.00200710,0.00200810,1531196580000,1531196639999,525.88000000
0.00200720,0.00200980,0.00200710,0.00200850,1531196640000,1531196699999,12.96000000
0.00200850,0.00200880,0.00200420,0.00200540,1531196700000,1531196759999,503.39000000
0.00200540,0.00200550,0.00200410,0.00200550,1531196760000,1531196819999,23.90000000
0.00200520,0.00200520,0.00200480,0.00200480,1531196820000,1531196879999,52.73000000
0.00200480,0.00200730,0.00200190,0.00200490,1531196880000,1531196939999,210.59000000
0.00200780,0.00200780,0.00200510,0.00200520,1531196940000,1531196999999,78.11000000
0.00200530,0.00200890,0.00200520,0.00200650,1531197000000,1531197059999,102.33000000
0.00200850,0.00200990,0.00200520,0.00200780,1531197060000,1531197119999,224.22000000
0.00200780,0.00200980,0.00200550,0.00200600,1531197120000,1531197179999,95.56000000
0.00200700,0.00200900,0.00200600,0.00200900,1531197180000,1531197239999,249.26000000
0.00200900,0.00200940,0.00200680,0.00200740,1531197240000,1531197299999,575.72000000
0.00200680,0.00200830,0.00200630,0.00200650,1531197300000,1531197359999,103.92000000
0.00200780,0.00200780,0.00200600,0.00200640,1531197360000,1531197419999,41.67000000
0.00200650,0.00200900,0.00200640,0.00200650,1531197420000,1531197479999,296.62000000
0.00200650,0.00200950,0.00200640,0.00200660,1531197480000,1531197539999,78.41000000
0.00200900,0.00200900,0.00200660,0.00200670,1531197540000,1531197599999,38.47000000
0.00200670,0.00200910,0.00200650,0.00200910,1531197600000,1531197659999,122.75000000
0.00200910,0.00200990,0.00200700,0.00200990,1531197660000,1531197719999,314.44000000
0.00200940,0.00200940,0.00200780,0.00200780,1531197720000,1531197779999,9.43000000
0.00200940,0.00200970,0.00200780,0.00200780,1531197780000,1531197839999,117.21000000
0.00200780,0.00200780,0.00200680,0.00200780,1531197840000,1531197899999,12.44000000
0.00200780,0.00200780,0.00200680,0.00200780,1531197900000,1531197959999,33.77000000
0.00200780,0.00200780,0.00200700,0.00200720,1531197960000,1531198019999,12.65000000
0.00200780,0.00200780,0.00200680,0.00200780,1531198020000,1531198079999,211.17000000
0.00200780,0.00200860,0.00200680,0.00200860,1531198080000,1531198139999,114.97000000
0.00200860,0.00200890,0.00200600,0.00200860,1531198140000,1531198199999,193.79000000
0.00200860,0.00200860,0.00198000,0.00199640,1531198200000,1531198259999,17468.86000000
0.00199750,0.00199940,0.00199740,0.00199930,1531198260000,1531198319999,773.00000000
0.00199940,0.00199940,0.00199680,0.00199840,1531198320000,1531198379999,238.05000000
0.00199840,0.00199850,0.00199000,0.00199700,1531198380000,1531198439999,477.85000000
0.00199540,0.00199710,0.00199520,0.00199680,1531198440000,1531198499999,77.75000000
0.00199700,0.00199710,0.00199690,0.00199710,1531198500000,1531198559999,82.26000000
0.00199710,0.00199850,0.00199420,0.00199670,1531198560000,1531198619999,228.67000000
0.00199680,0.00199710,0.00199400,0.00199690,1531198620000,1531198679999,76.86000000
0.00199690,0.00199710,0.00199630,0.00199680,1531198680000,1531198739999,39.34000000
0.00199690,0.00199710,0.00199320,0.00199590,1531198740000,1531198799999,339.00000000
0.00199570,0.00199590,0.00198860,0.00199480,1531198800000,1531198859999,1477.02000000
0.00199060,0.00199470,0.00198840,0.00199390,1531198860000,1531198919999,1184.36000000
0.00199390,0.00199680,0.00199040,0.00199580,1531198920000,1531198979999,2407.48000000
0.00199670,0.00199670,0.00199550,0.00199570,1531198980000,1531199039999,283.23000000
0.00199590,0.00199600,0.00198860,0.00199460,1531199040000,1531199099999,911.07000000
0.00199470,0.00199590,0.00199240,0.00199580,1531199100000,1531199159999,1076.77000000
0.00199550,0.00199600,0.00199490,0.00199530,1531199160000,1531199219999,760.33000000
0.00199530,0.00199580,0.00199500,0.00199560,1531199220000,1531199279999,300.84000000
0.00199500,0.00199580,0.00199500,0.00199580,1531199280000,1531199339999,135.83000000
0.00199500,0.00199580,0.00199410,0.00199580,1531199340000,1531199399999,78.04000000
0.00199580,0.00199580,0.00199510,0.00199580,1531199400000,1531199459999,165.29000000
0.00199580,0.00199580,0.00199530,0.00199580,1531199460000,1531199519999,63.21000000
0.00199580,0.00199880,0.00199580,0.00199860,1531199520000,1531199579999,989.29000000
0.00199860,0.00199860,0.00199640,0.00199690,1531199580000,1531199639999,112.67000000
0.00199690,0.00199850,0.00199500,0.00199740,1531199640000,1531199699999,484.53000000
0.00199740,0.00199740,0.00199500,0.00199510,1531199700000,1531199759999,59.82000000
0.00199510,0.00199510,0.00199450,0.00199500,1531199760000,1531199819999,186.21000000
0.00199480,0.00199480,0.00199430,0.00199440,1531199820000,1531199879999,120.29000000
0.00199440,0.00199450,0.00199410,0.00199450,1531199880000,1531199939999,328.70000000
0.00199450,0.00199450,0.00199380,0.00199450,1531199940000,1531199999999,39.52000000
0.00199450,0.00199450,0.00199380,0.00199400,1531200000000,1531200059999,111.79000000
0.00199390,0.00199400,0.00199370,0.00199390,1531200060000,1531200119999,75.96000000
0.00199380,0.00199380,0.00199260,0.00199370,1531200120000,1531200179999,36.22000000
0.00199370,0.00199700,0.00199320,0.00199600,1531200180000,1531200239999,284.99000000
0.00199590,0.00199700,0.00198910,0.00199490,1531200240000,1531200299999,397.57000000
0.00199000,0.00199540,0.00199000,0.00199130,1531200300000,1531200359999,362.39000000
0.00199130,0.00199560,0.00199130,0.00199520,1531200360000,1531200419999,1047.79000000
0.00199540,0.00199550,0.00199520,0.00199550,1531200420000,1531200479999,1.73000000
0.00199550,0.00199600,0.00199530,0.00199600,1531200480000,1531200539999,22.68000000
0.00199530,0.00199600,0.00198880,0.00199520,1531200540000,1531200599999,2271.20000000
0.00199520,0.00199600,0.00199260,0.00199550,1531200600000,1531200659999,86.35000000
0.00199500,0.00199500,0.00199150,0.00199500,1531200660000,1531200719999,678.48000000
0.00199500,0.00199520,0.00199330,0.00199520,1531200720000,1531200779999,156.18000000
0.00199470,0.00199470,0.00199400,0.00199450,1531200780000,1531200839999,107.98000000
0.00199400,0.00199450,0.00199330,0.00199450,1531200840000,1531200899999,725.24000000
0.00199490,0.00200190,0.00199300,0.00200170,1531200900000,1531200959999,2997.37000000
0.00200120,0.00200290,0.00199880,0.00199880,1531200960000,1531201019999,153.21000000
0.00199910,0.00200780,0.00199880,0.00200710,1531201020000,1531201079999,1013.46000000
0.00200590,0.00200870,0.00200320,0.00200490,1531201080000,1531201139999,564.93000000
0.00200340,0.00200840,0.00200340,0.00200790,1531201140000,1531201199999,1300.78000000
0.00200550,0.00200880,0.00200550,0.00200580,1531201200000,1531201259999,238.57000000
0.00200580,0.00200970,0.00200550,0.00200960,1531201260000,1531201319999,101.32000000
0.00200960,0.00200970,0.00200710,0.00200920,1531201320000,1531201379999,106.60000000
0.00200710,0.00200970,0.00200700,0.00200970,1531201380000,1531201439999,102.63000000
0.00200970,0.00200980,0.00200820,0.00200820,1531201440000,1531201499999,78.66000000
0.00200820,0.00200960,0.00200820,0.00200900,1531201500000,1531201559999,66.95000000
0.00200900,0.00201180,0.00200880,0.00201180,1531201560000,1531201619999,1394.77000000
0.00201080,0.00201450,0.00200910,0.00201450,1531201620000,1531201679999,1208.43000000
0.00201270,0.00201580,0.00200830,0.00200830,1531201680000,1531201739999,1350.81000000
0.00200840,0.00201470,0.00200840,0.00201200,1531201740000,1531201799999,194.04000000
0.00201200,0.00201200,0.00200850,0.00200850,1531201800000,1531201859999,179.86000000
0.00200850,0.00200910,0.00200600,0.00200600,1531201860000,1531201919999,228.29000000
0.00200600,0.00200890,0.00200550,0.00200620,1531201920000,1531201979999,391.16000000
0.00200650,0.00200880,0.00200650,0.00200740,1531201980000,1531202039999,20.09000000
0.00200820,0.00200910,0.00200730,0.00200870,1531202040000,1531202099999,166.60000000
0.00200910,0.00201000,0.00200680,0.00200680,1531202100000,1531202159999,450.76000000
0.00200930,0.00200930,0.00200680,0.00200900,1531202160000,1531202219999,47.64000000
0.00200680,0.00200920,0.00200640,0.00200640,1531202220000,1531202279999,118.67000000
0.00200640,0.00200820,0.00200370,0.00200490,1531202280000,1531202339999,650.85000000
0.00200540,0.00200640,0.00200510,0.00200510,1531202340000,1531202399999,31.97000000
0.00200530,0.00200610,0.00200440,0.00200440,1531202400000,1531202459999,82.44000000
0.00200440,0.00200600,0.00200300,0.00200600,1531202460000,1531202519999,351.61000000
0.00200600,0.00201250,0.00200600,0.00200910,1531202520000,1531202579999,2099.48000000
0.00200890,0.00201170,0.00200780,0.00200790,1531202580000,1531202639999,310.47000000
0.00201020,0.00201070,0.00200740,0.00200990,1531202640000,1531202699999,54.92000000
0.00200990,0.00201070,0.00200690,0.00200690,1531202700000,1531202759999,531.23000000
0.00200840,0.00201040,0.00200690,0.00201020,1531202760000,1531202819999,402.78000000
0.00201020,0.00201110,0.00200690,0.00201050,1531202820000,1531202879999,753.97000000
0.00201050,0.00201050,0.00200470,0.00200740,1531202880000,1531202939999,706.11000000
0.00200470,0.00201100,0.00200120,0.00200900,1531202940000,1531202999999,1112.27000000
0.00200980,0.00201330,0.00200710,0.00200890,1531203000000,1531203059999,387.27000000
0.00200900,0.00200900,0.00200300,0.00200660,1531203060000,1531203119999,570.13000000
0.00200630,0.00200710,0.00200230,0.00200330,1531203120000,1531203179999,645.23000000
0.00200390,0.00200560,0.00200010,0.00200240,1531203180000,1531203239999,277.93000000
0.00200470,0.00200560,0.00200210,0.00200470,1531203240000,1531203299999,28.58000000
0.00200470,0.00200560,0.00200000,0.00200270,1531203300000,1531203359999,503.95000000
0.00200270,0.00200340,0.00200000,0.00200000,1531203360000,1531203419999,478.17000000
0.00200270,0.00200530,0.00200000,0.00200010,1531203420000,1531203479999,888.14000000
0.00200450,0.00200480,0.00200010,0.00200180,1531203480000,1531203539999,374.79000000
0.00200470,0.00200470,0.00200000,0.00200130,1531203540000,1531203599999,161.22000000
0.00200130,0.00200350,0.00200070,0.00200190,1531203600000,1531203659999,261.64000000
0.00200180,0.00200460,0.00200180,0.00200460,1531203660000,1531203719999,58.58000000
0.00200460,0.00200470,0.00200000,0.00200110,1531203720000,1531203779999,565.99000000
0.00200110,0.00200120,0.00199840,0.00199870,1531203780000,1531203839999,348.30000000
0.00199970,0.00200000,0.00199820,0.00199820,1531203840000,1531203899999,149.11000000
0.00199840,0.00199840,0.00199370,0.00199620,1531203900000,1531203959999,314.39000000
0.00199610,0.00199610,0.00199370,0.00199510,1531203960000,1531204019999,107.97000000
0.00199500,0.00199510,0.00199330,0.00199370,1531204020000,1531204079999,303.56000000
0.00199390,0.00199600,0.00199330,0.00199580,1531204080000,1531204139999,129.53000000
0.00199580,0.00199820,0.00199450,0.00199450,1531204140000,1531204199999,233.42000000
0.00199580,0.00199760,0.00199480,0.00199500,1531204200000,1531204259999,132.93000000
0.00199450,0.00199500,0.00199330,0.00199420,1531204260000,1531204319999,144.88000000
0.00199500,0.00199500,0.00199370,0.00199500,1531204320000,1531204379999,525.97000000
0.00199500,0.00199500,0.00198990,0.00199000,1531204380000,1531204439999,1170.83000000
0.00199000,0.00199310,0.00199000,0.00199290,1531204440000,1531204499999,81.03000000
0.00199300,0.00199370,0.00199290,0.00199370,1531204500000,1531204559999,165.58000000
0.00199370,0.00199410,0.00198910,0.00198910,1531204560000,1531204619999,403.33000000
0.00198910,0.00199410,0.00198880,0.00199110,1531204620000,1531204679999,791.86000000
0.00198890,0.00199040,0.00198710,0.00198930,1531204680000,1531204739999,325.62000000
0.00198930,0.00199170,0.00198910,0.00199050,1531204740000,1531204799999,132.80000000
0.00199060,0.00199410,0.00199060,0.00199230,1531204800000,1531204859999,259.23000000
0.00199350,0.00199650,0.00199210,0.00199600,1531204860000,1531204919999,319.86000000
0.00199600,0.00199730,0.00199350,0.00199450,1531204920000,1531204979999,322.71000000
0.00199450,0.00199640,0.00199350,0.00199450,1531204980000,1531205039999,126.76000000
0.00199450,0.00199450,0.00199230,0.00199300,1531205040000,1531205099999,168.69000000
0.00199260,0.00199300,0.00199090,0.00199240,1531205100000,1531205159999,205.77000000
0.00199240,0.00199360,0.00199140,0.00199240,1531205160000,1531205219999,563.24000000
0.00199180,0.00199240,0.00199180,0.00199240,1531205220000,1531205279999,265.60000000
0.00199240,0.00199240,0.00199090,0.00199240,1531205280000,1531205339999,91.49000000
0.00199130,0.00199720,0.00199130,0.00199720,1531205340000,1531205399999,915.65000000
0.00199720,0.00199730,0.00199570,0.00199730,1531205400000,1531205459999,277.65000000
0.00199580,0.00199720,0.00199260,0.00199530,1531205460000,1531205519999,40.37000000
0.00199530,0.00199530,0.00199390,0.00199390,1531205520000,1531205579999,31.74000000
0.00199390,0.00199440,0.00199390,0.00199430,1531205580000,1531205639999,62.29000000
0.00199440,0.00199500,0.00199280,0.00199290,1531205640000,1531205699999,72.41000000
0.00199500,0.00199500,0.00199250,0.00199490,1531205700000,1531205759999,308.98000000
0.00199400,0.00199500,0.00199360,0.00199500,1531205760000,1531205819999,79.11000000
0.00199500,0.00199500,0.00199400,0.00199400,1531205820000,1531205879999,52.76000000
0.00199500,0.00199500,0.00199210,0.00199210,1531205880000,1531205939999,276.08000000
0.00199250,0.00199250,0.00198880,0.00199240,1531205940000,1531205999999,210.39000000
0.00199240,0.00199250,0.00199160,0.00199160,1531206000000,1531206059999,55.30000000
0.00199160,0.00199240,0.00199160,0.00199240,1531206060000,1531206119999,112.31000000
0.00199240,0.00199240,0.00198460,0.00198600,1531206120000,1531206179999,3078.77000000
0.00198630,0.00198910,0.00198630,0.00198900,1531206180000,1531206239999,16.18000000
0.00198870,0.00199130,0.00198820,0.00198870,1531206240000,1531206299999,513.53000000
0.00199100,0.00199210,0.00198610,0.00199210,1531206300000,1531206359999,598.11000000
0.00198830,0.00199020,0.00198760,0.00198800,1531206360000,1531206419999,352.29000000
0.00198800,0.00198800,0.00198010,0.00198550,1531206420000,1531206479999,955.28000000
0.00198530,0.00198580,0.00198150,0.00198520,1531206480000,1531206539999,297.05000000
0.00198520,0.00198520,0.00198340,0.00198500,1531206540000,1531206599999,195.41000000
0.00198500,0.00198510,0.00197830,0.00197950,1531206600000,1531206659999,2121.31000000
0.00198220,0.00198640,0.00198130,0.00198640,1531206660000,1531206719999,276.95000000
0.00198640,0.00198640,0.00198260,0.00198460,1531206720000,1531206779999,21.93000000
0.00198260,0.00198420,0.00198250,0.00198270,1531206780000,1531206839999,73.65000000
0.00198270,0.00198270,0.00198180,0.00198190,1531206840000,1531206899999,36.78000000
0.00198180,0.00198220,0.00198000,0.00198220,1531206900000,1531206959999,327.57000000
0.00198200,0.00198200,0.00198000,0.00198150,1531206960000,1531207019999,230.38000000
0.00198200,0.00198200,0.00197450,0.00197960,1531207020000,1531207079999,2873.82000000
0.00197960,0.00198070,0.00197650,0.00198000,1531207080000,1531207139999,179.66000000
0.00197960,0.00197990,0.00197610,0.00197700,1531207140000,1531207199999,593.50000000
0.00197700,0.00197900,0.00197560,0.00197900,1531207200000,1531207259999,1813.44000000
0.00197900,0.00197900,0.00197700,0.00197880,1531207260000,1531207319999,224.44000000
0.00197870,0.00198070,0.00197600,0.00197850,1531207320000,1531207379999,344.36000000
0.00197830,0.00198050,0.00197830,0.00198050,1531207380000,1531207439999,267.32000000
0.00198050,0.00198050,0.00197680,0.00197820,1531207440000,1531207499999,467.02000000
0.00197820,0.00198040,0.00197650,0.00198040,1531207500000,1531207559999,417.27000000
0.00198040,0.00198050,0.00197780,0.00198030,1531207560000,1531207619999,82.07000000
0.00198030,0.00198050,0.00197670,0.00197920,1531207620000,1531207679999,30.00000000
0.00197920,0.00198020,0.00197650,0.00198020,1531207680000,1531207739999,106.10000000
0.00198020,0.00198190,0.00197810,0.00198000,1531207740000,1531207799999,836.44000000
0.00198000,0.00198070,0.00197700,0.00198070,1531207800000,1531207859999,351.75000000
0.00198000,0.00198200,0.00197820,0.00198200,1531207860000,1531207919999,260.01000000
0.00198010,0.00198290,0.00198000,0.00198270,1531207920000,1531207979999,1754.64000000
0.00198290,0.00198380,0.00198240,0.00198310,1531207980000,1531208039999,354.25000000
0.00198310,0.00198410,0.00198070,0.00198410,1531208040000,1531208099999,1010.41000000
0.00198270,0.00198410,0.00198200,0.00198300,1531208100000,1531208159999,104.48000000
0.00198300,0.00198410,0.00198140,0.00198270,1531208160000,1531208219999,483.59000000
0.00198290,0.00198650,0.00198110,0.00198300,1531208220000,1531208279999,1090.47000000
0.00198390,0.00198600,0.00198390,0.00198480,1531208280000,1531208339999,36.10000000
0.00198480,0.00198550,0.00198300,0.00198530,1531208340000,1531208399999,76.78000000
0.00198530,0.00199020,0.00198440,0.00199020,1531208400000,1531208459999,2037.65000000
0.00199020,0.00199160,0.00198900,0.00199160,1531208460000,1531208519999,462.58000000
0.00199160,0.00199250,0.00198940,0.00199170,1531208520000,1531208579999,705.55000000
0.00199260,0.00199490,0.00199170,0.00199470,1531208580000,1531208639999,53.54000000
0.00199470,0.00199470,0.00198990,0.00199000,1531208640000,1531208699999,750.66000000
0.00199000,0.00199000,0.00198730,0.00198970,1531208700000,1531208759999,901.52000000
0.00198970,0.00198990,0.00198690,0.00198990,1531208760000,1531208819999,326.84000000
0.00198970,0.00199450,0.00198890,0.00199000,1531208820000,1531208879999,396.99000000
0.00199000,0.00199030,0.00198650,0.00199010,1531208880000,1531208939999,623.77000000
0.00198960,0.00198960,0.00198720,0.00198760,1531208940000,1531208999999,152.09000000
0.00198950,0.00199040,0.00198790,0.00199020,1531209000000,1531209059999,139.51000000
0.00199000,0.00199110,0.00198820,0.00199040,1531209060000,1531209119999,40.75000000
0.00199040,0.00199040,0.00198500,0.00198500,1531209120000,1531209179999,460.24000000
0.00198740,0.00198970,0.00198380,0.00198600,1531209180000,1531209239999,1107.36000000
0.00198610,0.00198610,0.00198400,0.00198600,1531209240000,1531209299999,148.65000000
0.00198600,0.00199230,0.00198600,0.00199090,1531209300000,1531209359999,636.24000000
0.00199090,0.00199090,0.00198950,0.00199040,1531209360000,1531209419999,63.24000000
0.00198950,0.00199020,0.00198800,0.00198810,1531209420000,1531209479999,64.73000000
0.00198810,0.00199030,0.00198590,0.00199010,1531209480000,1531209539999,443.64000000
0.00199010,0.00199010,0.00198700,0.00198960,1531209540000,1531209599999,25.11000000
0.00198960,0.00199260,0.00198770,0.00199100,1531209600000,1531209659999,434.04000000
0.00198980,0.00199130,0.00198950,0.00199120,1531209660000,1531209719999,240.92000000
0.00199120,0.00199430,0.00199080,0.00199300,1531209720000,1531209779999,131.40000000
0.00199260,0.00199270,0.00198970,0.00199000,1531209780000,1531209839999,159.83000000
0.00199210,0.00199210,0.00198930,0.00198940,1531209840000,1531209899999,283.44000000
0.00198930,0.00198940,0.00198670,0.00198800,1531209900000,1531209959999,199.77000000
0.00198780,0.00199130,0.00198780,0.00199110,1531209960000,1531210019999,831.73000000
0.00198940,0.00199460,0.00198890,0.00199360,1531210020000,1531210079999,793.22000000
0.00199240,0.00199380,0.00199000,0.00199250,1531210080000,1531210139999,235.08000000
0.00199250,0.00199300,0.00199160,0.00199300,1531210140000,1531210199999,49.03000000
0.00199300,0.00199360,0.00199170,0.00199360,1531210200000,1531210259999,391.72000000
